R,N,rho,T_restart_s,kind,policy,extra_viol_per_event,se_viol,extra_req_s_per_event,healthy_gpu_s_lost,req_per_hour,fleet_viol_frac@0.00047,fleet_viol_frac@0.0047,fleet_viol_frac@0.047
8,4,0.3,40.0,hard,P1,0.025,0.024999999999999998,245.15745912656683,278.21107048449267,80.21666666666667,1.9530438396010803e-07,1.9530438396010805e-06,1.9530438396010806e-05
8,4,0.3,40.0,hard,P2,0.0,0.0,220.14779161669267,182.30730204000002,80.21666666666667,0.0,0.0,0.0
8,4,0.3,40.0,hard,P3,0.0,0.0,211.97801567779098,36.405341916,80.21666666666667,0.0,0.0,0.0
8,4,0.3,40.0,hard,P3i,0.0,0.0,211.97801567779098,36.405341916,80.21666666666667,0.0,0.0,0.0
8,4,0.3,40.0,hard,stock,0.4,0.07844645405527362,453.0262842306905,2658.2037684444927,80.21666666666667,3.1248701433617285e-06,3.124870143361729e-05,0.0003124870143361729
8,4,0.3,40.0,transient,P1,0.025,0.024999999999999998,40.97317010864613,332.3110704844927,80.21666666666667,1.9530438396010803e-07,1.9530438396010805e-06,1.9530438396010806e-05
8,4,0.3,40.0,transient,P2,0.0,0.0,16.86086799752288,236.40730204000002,80.21666666666667,0.0,0.0,0.0
8,4,0.3,40.0,transient,P3,0.0,0.0,22.895666327526943,212.805341916,80.21666666666667,0.0,0.0,0.0
8,4,0.3,40.0,transient,P3i,0.0,0.0,22.895666327526943,212.805341916,80.21666666666667,0.0,0.0,0.0
8,4,0.3,120.0,hard,P1,0.025,0.024999999999999998,241.0046120220316,518.2110704844927,80.21666666666667,1.9530438396010803e-07,1.9530438396010805e-06,1.9530438396010806e-05
8,4,0.3,120.0,hard,P2,0.0,0.0,216.8923099109083,422.30730204,80.21666666666667,0.0,0.0,0.0
8,4,0.3,120.0,hard,P3,0.0,0.0,211.97801567779098,36.405341916,80.21666666666667,0.0,0.0,0.0
8,4,0.3,120.0,hard,P3i,0.0,0.0,211.97801567779098,36.405341916,80.21666666666667,0.0,0.0,0.0
8,4,0.3,120.0,transient,P1,0.025,0.024999999999999998,40.97317010864613,652.3110704844927,80.21666666666667,1.9530438396010803e-07,1.9530438396010805e-06,1.9530438396010806e-05
8,4,0.3,120.0,transient,P2,0.0,0.0,16.86086799752288,556.40730204,80.21666666666667,0.0,0.0,0.0
8,4,0.3,120.0,transient,P3,0.0,0.0,23.022210916835274,452.805341916,80.21666666666667,0.0,0.0,0.0
8,4,0.3,120.0,transient,P3i,0.0,0.0,23.022210916835274,452.805341916,80.21666666666667,0.0,0.0,0.0
8,4,0.3,300.0,hard,P1,0.025,0.024999999999999998,230.69675171554837,1058.2110704844927,80.21666666666667,1.9530438396010803e-07,1.9530438396010805e-06,1.9530438396010806e-05
8,4,0.3,300.0,hard,P2,0.0,0.0,206.35504398411246,962.30730204,80.21666666666667,0.0,0.0,0.0
8,4,0.3,300.0,hard,P3,0.0,0.0,211.97801567779098,36.405341916,80.21666666666667,0.0,0.0,0.0
8,4,0.3,300.0,hard,P3i,0.0,0.0,211.97801567779098,36.405341916,80.21666666666667,0.0,0.0,0.0
8,4,0.3,300.0,transient,P1,0.025,0.024999999999999998,41.09971469795446,1372.3110704844926,80.21666666666667,1.9530438396010803e-07,1.9530438396010805e-06,1.9530438396010806e-05
8,4,0.3,300.0,transient,P2,0.0,0.0,16.987412586831216,1276.40730204,80.21666666666667,0.0,0.0,0.0
8,4,0.3,300.0,transient,P3,0.0,0.0,23.745418089329497,992.805341916,80.21666666666667,0.0,0.0,0.0
8,4,0.3,300.0,transient,P3i,0.0,0.0,23.745418089329497,992.805341916,80.21666666666667,0.0,0.0,0.0
8,4,0.3,900.0,hard,P1,0.025,0.024999999999999998,202.05944462920678,2858.2110704844927,80.21666666666667,1.9530438396010803e-07,1.9530438396010805e-06,1.9530438396010806e-05
8,4,0.3,900.0,hard,P2,0.0,0.0,177.94714251808364,2762.30730204,80.21666666666667,0.0,0.0,0.0
8,4,0.3,900.0,hard,P3,0.0,0.0,211.97801567779098,36.405341916,80.21666666666667,0.0,0.0,0.0
8,4,0.3,900.0,hard,P3i,0.0,0.0,211.97801567779098,36.405341916,80.21666666666667,0.0,0.0,0.0
8,4,0.3,900.0,transient,P1,0.025,0.024999999999999998,45.39499390202477,3772.3110704844926,80.21666666666667,1.9530438396010803e-07,1.9530438396010805e-06,1.9530438396010806e-05
8,4,0.3,900.0,transient,P2,0.0,0.0,21.282691790901573,3676.40730204,80.21666666666667,0.0,0.0,0.0
8,4,0.3,900.0,transient,P3,0.0,0.0,27.622393073948523,2792.805341916,80.21666666666667,0.0,0.0,0.0
8,4,0.3,900.0,transient,P3i,0.0,0.0,27.622393073948523,2792.805341916,80.21666666666667,0.0,0.0,0.0
8,4,0.5,40.0,hard,P1,0.05,0.03489912202260564,309.9329691667482,261.9479696611103,131.46666666666667,2.383367139959432e-07,2.3833671399594324e-06,2.383367139959432e-05
8,4,0.5,40.0,hard,P2,0.0,0.0,287.38273815812124,182.30730204000002,131.46666666666667,0.0,0.0,0.0
8,4,0.5,40.0,hard,P3,0.0,0.0,280.4449198751287,36.405341916,131.46666666666667,0.0,0.0,0.0
8,4,0.5,40.0,hard,P3i,0.0,0.0,280.4449198751287,36.405341916,131.46666666666667,0.0,0.0,0.0
8,4,0.5,40.0,hard,stock,0.4,0.07844645405527362,536.5334579042918,2641.94066762111,131.46666666666667,1.9066937119675457e-06,1.906693711967546e-05,0.00019066937119675457
8,4,0.5,40.0,transient,P1,0.05,0.03489912202260564,42.73605020602618,316.04796966111024,131.46666666666667,2.383367139959432e-07,2.3833671399594324e-06,2.383367139959432e-05
8,4,0.5,40.0,transient,P2,0.0,0.0,20.185819197399088,236.40730204000002,131.46666666666667,0.0,0.0,0.0
8,4,0.5,40.0,transient,P3,0.0,0.0,27.09553499237245,212.805341916,131.46666666666667,0.0,0.0,0.0
8,4,0.5,40.0,transient,P3i,0.0,0.0,26.429514881591512,212.805341916,131.46666666666667,0.0,0.0,0.0
8,4,0.5,120.0,hard,P1,0.05,0.03489912202260564,309.19582286057386,501.9479696611103,131.46666666666667,2.383367139959432e-07,2.3833671399594324e-06,2.383367139959432e-05
8,4,0.5,120.0,hard,P2,0.0,0.0,285.2033399451992,422.30730204,131.46666666666667,0.0,0.0,0.0
8,4,0.5,120.0,hard,P3,0.0,0.0,280.4449198751287,36.405341916,131.46666666666667,0.0,0.0,0.0
8,4,0.5,120.0,hard,P3i,0.0,0.0,280.4449198751287,36.405341916,131.46666666666667,0.0,0.0,0.0
8,4,0.5,120.0,transient,P1,0.05,0.03489912202260564,47.60839700150946,636.0479696611103,131.46666666666667,2.383367139959432e-07,2.3833671399594324e-06,2.383367139959432e-05
8,4,0.5,120.0,transient,P2,0.0,0.0,23.84531970644739,556.40730204,131.46666666666667,0.0,0.0,0.0
8,4,0.5,120.0,transient,P3,0.0,0.0,32.322993553677044,452.805341916,131.46666666666667,0.0,0.0,0.0
8,4,0.5,120.0,transient,P3i,0.0,0.0,30.417371003631615,452.805341916,131.46666666666667,0.0,0.0,0.0
8,4,0.5,300.0,hard,P1,0.05,0.03489912202260564,304.2659768237683,1041.9479696611102,131.46666666666667,2.383367139959432e-07,2.3833671399594324e-06,2.383367139959432e-05
8,4,0.5,300.0,hard,P2,0.0,0.0,279.0686172626523,962.30730204,131.46666666666667,0.0,0.0,0.0
8,4,0.5,300.0,hard,P3,0.0,0.0,280.4449198751287,36.405341916,131.46666666666667,0.0,0.0,0.0
8,4,0.5,300.0,hard,P3i,0.0,0.0,280.4449198751287,36.405341916,131.46666666666667,0.0,0.0,0.0
8,4,0.5,300.0,transient,P1,0.05,0.03489912202260564,57.17731060132674,1356.0479696611105,131.46666666666667,2.383367139959432e-07,2.3833671399594324e-06,2.383367139959432e-05
8,4,0.5,300.0,transient,P2,0.0,0.0,31.979951040210743,1276.40730204,131.46666666666667,0.0,0.0,0.0
8,4,0.5,300.0,transient,P3,0.0,0.0,39.812814296456324,992.805341916,131.46666666666667,0.0,0.0,0.0
8,4,0.5,300.0,transient,P3i,0.0,0.0,37.990986625473305,992.805341916,131.46666666666667,0.0,0.0,0.0
8,4,0.5,900.0,hard,P1,0.05,0.03489912202260564,304.0399658829406,2841.9479696611106,131.46666666666667,2.383367139959432e-07,2.3833671399594324e-06,2.383367139959432e-05
8,4,0.5,900.0,hard,P2,0.0,0.0,278.8426063218246,2762.30730204,131.46666666666667,0.0,0.0,0.0
8,4,0.5,900.0,hard,P3,0.0,0.0,280.4449198751287,36.405341916,131.46666666666667,0.0,0.0,0.0
8,4,0.5,900.0,hard,P3i,0.0,0.0,280.4449198751287,36.405341916,131.46666666666667,0.0,0.0,0.0
8,4,0.5,900.0,transient,P1,0.05,0.03489912202260564,103.57586500714415,3756.04796966111,131.46666666666667,2.383367139959432e-07,2.3833671399594324e-06,2.383367139959432e-05
8,4,0.5,900.0,transient,P2,0.0,0.0,78.37850544602816,3676.40730204,131.46666666666667,0.0,0.0,0.0
8,4,0.5,900.0,transient,P3,0.0,0.0,90.42343383210691,2792.805341916,131.46666666666667,0.0,0.0,0.0
8,4,0.5,900.0,transient,P3i,0.0,0.0,88.51781128206149,2792.805341916,131.46666666666667,0.0,0.0,0.0
8,4,0.7,40.0,hard,P1,0.575,0.26039294763777143,679.7192191128189,385.84163726975675,183.6833333333333,1.961709463751021e-06,1.961709463751021e-05,0.00019617094637510208
8,4,0.7,40.0,hard,P2,0.3,0.13959648809042255,577.408785580057,182.30730204000002,183.6833333333333,1.0235005897831414e-06,1.0235005897831414e-05,0.00010235005897831413
8,4,0.7,40.0,hard,P3,0.2,0.07337993857053428,540.7836981896205,36.405341916,183.6833333333333,6.823337265220942e-07,6.823337265220944e-06,6.823337265220943e-05
8,4,0.7,40.0,hard,P3i,0.2,0.07337993857053428,540.7836981896205,36.405341916,183.6833333333333,6.823337265220942e-07,6.823337265220944e-06,6.823337265220943e-05
8,4,0.7,40.0,hard,stock,2.6,0.7078316473750245,1409.975898411593,2765.834335229757,183.6833333333333,8.870338444787225e-06,8.870338444787225e-05,0.0008870338444787225
8,4,0.7,40.0,transient,P1,0.425,0.25289984842489194,157.07526352225378,439.94163726975677,183.6833333333333,1.4499591688594502e-06,1.4499591688594504e-05,0.00014499591688594502
8,4,0.7,40.0,transient,P2,0.125,0.125,59.00407816293964,236.40730204000002,183.6833333333333,4.2645857907630894e-07,4.2645857907630896e-06,4.264585790763089e-05
8,4,0.7,40.0,transient,P3,0.125,0.125,71.55587780459655,212.805341916,183.6833333333333,4.2645857907630894e-07,4.2645857907630896e-06,4.264585790763089e-05
8,4,0.7,40.0,transient,P3i,0.025,0.024999999999999998,69.80145178967514,212.805341916,183.6833333333333,8.529171581526178e-08,8.52917158152618e-07,8.529171581526179e-06
8,4,0.7,120.0,hard,P1,0.775,0.4259040159111332,731.9244895791804,625.8416372697568,183.6833333333333,2.6440431902731154e-06,2.6440431902731157e-05,0.00026440431902731155
8,4,0.7,120.0,hard,P2,0.375,0.20471211806351688,624.2099419296434,422.30730204,183.6833333333333,1.2793757372289267e-06,1.2793757372289268e-05,0.00012793757372289269
8,4,0.7,120.0,hard,P3,0.2,0.07337993857053428,540.7836981896205,36.405341916,183.6833333333333,6.823337265220942e-07,6.823337265220944e-06,6.823337265220943e-05
8,4,0.7,120.0,hard,P3i,0.2,0.07337993857053428,540.7836981896205,36.405341916,183.6833333333333,6.823337265220942e-07,6.823337265220944e-06,6.823337265220943e-05
8,4,0.7,120.0,transient,P1,0.625,0.39981967089022674,226.3461485195603,759.9416372697567,183.6833333333333,2.1322928953815448e-06,2.132292895381545e-05,0.00021322928953815444
8,4,0.7,120.0,transient,P2,0.25,0.2017551194025277,122.25378098383017,556.40730204,183.6833333333333,8.529171581526179e-07,8.529171581526179e-06,8.529171581526178e-05
8,4,0.7,120.0,transient,P3,0.225,0.20091936129599294,130.70220596950656,452.805341916,183.6833333333333,7.676254423373561e-07,7.676254423373561e-06,7.67625442337356e-05
8,4,0.7,120.0,transient,P3i,0.05,0.03489912202260564,108.45032266003673,452.805341916,183.6833333333333,1.7058343163052356e-07,1.705834316305236e-06,1.7058343163052358e-05
8,4,0.7,300.0,hard,P1,1.35,0.6238322424070967,859.4004048387338,1165.8416372697568,183.6833333333333,4.605752654024137e-06,4.605752654024137e-05,0.0004605752654024136
8,4,0.7,300.0,hard,P2,0.975,0.4578202256064698,740.6737798777382,962.30730204,183.6833333333333,3.3263769167952095e-06,3.32637691679521e-05,0.00033263769167952094
8,4,0.7,300.0,hard,P3,0.2,0.07337993857053428,540.7836981896205,36.405341916,183.6833333333333,6.823337265220942e-07,6.823337265220944e-06,6.823337265220943e-05
8,4,0.7,300.0,hard,P3i,0.2,0.07337993857053428,540.7836981896205,36.405341916,183.6833333333333,6.823337265220942e-07,6.823337265220944e-06,6.823337265220943e-05
8,4,0.7,300.0,transient,P1,1.05,0.5603913467733612,386.38562975979613,1479.941637269757,183.6833333333333,3.5822520642409954e-06,3.582252064240995e-05,0.0003582252064240995
8,4,0.7,300.0,transient,P2,0.675,0.4150803135137423,269.9957896217378,1276.40730204,183.6833333333333,2.3028763270120683e-06,2.3028763270120685e-05,0.0002302876327012068
8,4,0.7,300.0,transient,P3,0.625,0.36635330432486013,268.99569763280687,992.805341916,183.6833333333333,2.1322928953815448e-06,2.132292895381545e-05,0.00021322928953815444
8,4,0.7,300.0,transient,P3i,0.35,0.15831646333879038,222.41560513175781,992.805341916,183.6833333333333,1.194084021413665e-06,1.1940840214136648e-05,0.00011940840214136648
8,4,0.7,900.0,hard,P1,2.775,0.9684030602902322,1107.4818712769413,2965.841637269757,183.6833333333333,9.467380455494057e-06,9.467380455494058e-05,0.0009467380455494056
8,4,0.7,900.0,hard,P2,2.15,0.760861522492928,979.4887995300953,2762.30730204,183.6833333333333,7.335087560112512e-06,7.335087560112514e-05,0.0007335087560112512
8,4,0.7,900.0,hard,P3,0.2,0.07337993857053428,540.7836981896205,36.405341916,183.6833333333333,6.823337265220942e-07,6.823337265220944e-06,6.823337265220943e-05
8,4,0.7,900.0,hard,P3i,0.2,0.07337993857053428,540.7836981896205,36.405341916,183.6833333333333,6.823337265220942e-07,6.823337265220944e-06,6.823337265220943e-05
8,4,0.7,900.0,transient,P1,2.625,0.9592247804801435,718.1026013959894,3879.941637269757,183.6833333333333,8.955630160602486e-06,8.955630160602487e-05,0.0008955630160602487
8,4,0.7,900.0,transient,P2,2.0,0.752772652709081,589.9748552860909,3676.40730204,183.6833333333333,6.823337265220943e-06,6.823337265220943e-05,0.0006823337265220942
8,4,0.7,900.0,transient,P3,1.775,0.6938257928105807,565.1426386994699,2792.805341916,183.6833333333333,6.055711822883586e-06,6.055711822883587e-05,0.0006055711822883586
8,4,0.7,900.0,transient,P3i,1.25,0.48404015514714455,455.90776498228587,2792.805341916,183.6833333333333,4.2645857907630896e-06,4.26458579076309e-05,0.0004264585790763089
8,4,0.9,40.0,hard,P1,10.6,1.8962851673462604,2855.6409142226976,417.2790541504622,238.20000000000002,2.7886929750909597e-05,0.000278869297509096,0.0027886929750909595
8,4,0.9,40.0,hard,P2,9.375,1.8037309979097529,2555.6986386659837,182.30730204000002,238.20000000000002,2.4664147774979007e-05,0.0002466414777497901,0.0024664147774979004
8,4,0.9,40.0,hard,P3,8.65,1.678120896595279,2373.357255392949,36.405341916,238.20000000000002,2.2756787013713965e-05,0.00022756787013713967,0.0022756787013713965
8,4,0.9,40.0,hard,P3i,8.65,1.678120896595279,2373.357255392949,36.405341916,238.20000000000002,2.2756787013713965e-05,0.00022756787013713967,0.0022756787013713965
8,4,0.9,40.0,hard,stock,23.0,3.9657184818041578,6459.9533748228505,2797.2717521104623,238.20000000000002,6.0509375874615164e-05,0.0006050937587461516,0.006050937587461515
8,4,0.9,40.0,transient,P1,2.35,0.7048822414836214,552.4498443314635,471.37905415046214,238.20000000000002,6.182479708928071e-06,6.182479708928071e-05,0.0006182479708928071
8,4,0.9,40.0,transient,P2,1.075,0.4041253613574724,272.84618839992964,236.40730204000002,238.20000000000002,2.828155611530926e-06,2.828155611530926e-05,0.0002828155611530926
8,4,0.9,40.0,transient,P3,1.25,0.4853626716970755,354.90558266459266,212.805341916,238.20000000000002,3.2885530366638676e-06,3.288553036663868e-05,0.0003288553036663867
8,4,0.9,40.0,transient,P3i,2.6,1.3510679536517085,823.4680454833263,209.985341916,238.20000000000002,6.840190316260845e-06,6.840190316260845e-05,0.0006840190316260845
8,4,0.9,120.0,hard,P1,12.25,2.171124605194748,3231.5016875177753,657.2790541504621,238.20000000000002,3.22278197593059e-05,0.000322278197593059,0.00322278197593059
8,4,0.9,120.0,hard,P2,10.725,2.002878537479853,2891.890817798404,422.30730204,238.20000000000002,2.8215785054575984e-05,0.00028215785054575986,0.002821578505457598
8,4,0.9,120.0,hard,P3,8.65,1.678120896595279,2373.357255392949,36.405341916,238.20000000000002,2.2756787013713965e-05,0.00022756787013713967,0.0022756787013713965
8,4,0.9,120.0,hard,P3i,8.65,1.678120896595279,2373.357255392949,36.405341916,238.20000000000002,2.2756787013713965e-05,0.00022756787013713967,0.0022756787013713965
8,4,0.9,120.0,transient,P1,3.85,1.0916642200011728,952.5088849927488,791.3790541504621,238.20000000000002,1.0128743352924713e-05,0.00010128743352924712,0.0010128743352924713
8,4,0.9,120.0,transient,P2,2.45,0.8148855511901419,640.2176438213622,556.40730204,238.20000000000002,6.445563951861181e-06,6.445563951861182e-05,0.000644556395186118
8,4,0.9,120.0,transient,P3,2.65,0.9375021367497016,707.8231624764564,452.805341916,238.20000000000002,6.971732437727399e-06,6.9717324377274e-05,0.0006971732437727399
8,4,0.9,120.0,transient,P3i,3.05,1.3648283446120286,964.773867720383,449.98534191600004,238.20000000000002,8.024069409459837e-06,8.024069409459837e-05,0.0008024069409459836
8,4,0.9,300.0,hard,P1,15.2,2.758018612458347,4143.978005883719,1197.2790541504621,238.20000000000002,3.998880492583262e-05,0.0003998880492583263,0.003998880492583263
8,4,0.9,300.0,hard,P2,13.225,2.478494037174125,3748.414778902509,962.30730204,238.20000000000002,3.4792891127903715e-05,0.0003479289112790372,0.0034792891127903717
8,4,0.9,300.0,hard,P3,8.65,1.678120896595279,2373.357255392949,36.405341916,238.20000000000002,2.2756787013713965e-05,0.00022756787013713967,0.0022756787013713965
8,4,0.9,300.0,hard,P3i,8.65,1.678120896595279,2373.357255392949,36.405341916,238.20000000000002,2.2756787013713965e-05,0.00022756787013713967,0.0022756787013713965
8,4,0.9,300.0,transient,P1,7.425,1.8868259536817855,1939.7167553942968,1511.3790541504623,238.20000000000002,1.9534005037783375e-05,0.00019534005037783375,0.0019534005037783373
8,4,0.9,300.0,transient,P2,5.75,1.6415088431230829,1578.8162761338665,1276.40730204,238.20000000000002,1.5127343968653791e-05,0.0001512734396865379,0.0015127343968653788
8,4,0.9,300.0,transient,P3,6.25,1.7062291606692075,1641.213392807722,992.805341916,238.20000000000002,1.6442765183319338e-05,0.00016442765183319338,0.0016442765183319339
8,4,0.9,300.0,transient,P3i,4.8,1.582435642957578,1413.981379568445,989.9853419159999,238.20000000000002,1.2628043660789251e-05,0.00012628043660789252,0.001262804366078925
8,4,0.9,900.0,hard,P1,28.725,4.986775781234574,7575.390981479327,2997.2790541504623,238.20000000000002,7.557094878253567e-05,0.0007557094878253568,0.007557094878253568
8,4,0.9,900.0,hard,P2,26.375,4.464774881625024,7061.2367430760105,2762.30730204,238.20000000000002,6.93884690736076e-05,0.0006938846907360761,0.00693884690736076
8,4,0.9,900.0,hard,P3,8.65,1.678120896595279,2373.357255392949,36.405341916,238.20000000000002,2.2756787013713965e-05,0.00022756787013713967,0.0022756787013713965
8,4,0.9,900.0,hard,P3i,8.65,1.678120896595279,2373.357255392949,36.405341916,238.20000000000002,2.2756787013713965e-05,0.00022756787013713967,0.0022756787013713965
8,4,0.9,900.0,transient,P1,22.375,4.374853477399894,5683.050825780559,3911.379054150462,238.20000000000002,5.886509935628323e-05,0.0005886509935628324,0.005886509935628323
8,4,0.9,900.0,transient,P2,20.275,4.01966121483531,5196.459704528608,3676.40730204,238.20000000000002,5.334033025468793e-05,0.0005334033025468793,0.005334033025468792
8,4,0.9,900.0,transient,P3,20.325,4.004226533077908,5157.781530452672,2792.805341916,238.20000000000002,5.347187237615448e-05,0.0005347187237615449,0.005347187237615448
8,4,0.9,900.0,transient,P3i,15.225,3.3599235911641707,3769.001086619627,2789.985341916,238.20000000000002,4.0054575986565904e-05,0.00040054575986565904,0.004005457598656591
16,2,0.3,40.0,hard,P1,0.0,0.0,556.1668888296185,111.70170299250337,106.56666666666666,0.0,0.0,0.0
16,2,0.3,40.0,hard,P2,0.0,0.0,530.1591153433667,59.87365102,106.56666666666666,0.0,0.0,0.0
16,2,0.3,40.0,hard,P3,0.0,0.0,540.0218308618236,15.469664311999997,106.56666666666666,0.0,0.0,0.0
16,2,0.3,40.0,hard,P3i,0.0,0.0,540.0218308618236,15.469664311999997,106.56666666666666,0.0,0.0,0.0
16,2,0.3,40.0,hard,stock,0.275,0.07149950690165274,628.0579572095753,1301.6980519725034,106.56666666666666,1.6171410697528934e-06,1.6171410697528935e-05,0.00016171410697528933
16,2,0.3,40.0,transient,P1,0.0,0.0,37.786442932237605,161.5717029925034,106.56666666666666,0.0,0.0,0.0
16,2,0.3,40.0,transient,P2,0.0,0.0,11.778669445985997,109.74365102000002,106.56666666666666,0.0,0.0,0.0
16,2,0.3,40.0,transient,P3,0.0,0.0,30.378036232570686,75.209664312,106.56666666666666,0.0,0.0,0.0
16,2,0.3,40.0,transient,P3i,0.0,0.0,30.378036232570686,75.209664312,106.56666666666666,0.0,0.0,0.0
16,2,0.3,120.0,hard,P1,0.0,0.0,548.7788171017992,191.70170299250339,106.56666666666666,0.0,0.0,0.0
16,2,0.3,120.0,hard,P2,0.0,0.0,522.7710436155475,139.87365102,106.56666666666666,0.0,0.0,0.0
16,2,0.3,120.0,hard,P3,0.0,0.0,540.0218308618236,15.469664311999997,106.56666666666666,0.0,0.0,0.0
16,2,0.3,120.0,hard,P3i,0.0,0.0,540.0218308618236,15.469664311999997,106.56666666666666,0.0,0.0,0.0
16,2,0.3,120.0,transient,P1,0.0,0.0,37.786442932237605,321.5717029925034,106.56666666666666,0.0,0.0,0.0
16,2,0.3,120.0,transient,P2,0.0,0.0,11.778669445985997,269.74365102,106.56666666666666,0.0,0.0,0.0
16,2,0.3,120.0,transient,P3,0.0,0.0,30.378036232570686,155.209664312,106.56666666666666,0.0,0.0,0.0
16,2,0.3,120.0,transient,P3i,0.0,0.0,30.378036232570686,155.209664312,106.56666666666666,0.0,0.0,0.0
16,2,0.3,300.0,hard,P1,0.0,0.0,512.2228190861348,371.7017029925034,106.56666666666666,0.0,0.0,0.0
16,2,0.3,300.0,hard,P2,0.0,0.0,486.2150455998829,319.87365102,106.56666666666666,0.0,0.0,0.0
16,2,0.3,300.0,hard,P3,0.0,0.0,540.0218308618236,15.469664311999997,106.56666666666666,0.0,0.0,0.0
16,2,0.3,300.0,hard,P3i,0.0,0.0,540.0218308618236,15.469664311999997,106.56666666666666,0.0,0.0,0.0
16,2,0.3,300.0,transient,P1,0.0,0.0,37.786442932237605,681.5717029925033,106.56666666666666,0.0,0.0,0.0
16,2,0.3,300.0,transient,P2,0.0,0.0,11.778669445985997,629.74365102,106.56666666666666,0.0,0.0,0.0
16,2,0.3,300.0,transient,P3,0.0,0.0,30.378036232570686,335.209664312,106.56666666666666,0.0,0.0,0.0
16,2,0.3,300.0,transient,P3i,0.0,0.0,30.378036232570686,335.209664312,106.56666666666666,0.0,0.0,0.0
16,2,0.3,900.0,hard,P1,0.0,0.0,423.44441585729976,971.7017029925033,106.56666666666666,0.0,0.0,0.0
16,2,0.3,900.0,hard,P2,0.0,0.0,397.43664237104787,919.87365102,106.56666666666666,0.0,0.0,0.0
16,2,0.3,900.0,hard,P3,0.0,0.0,540.0218308618236,15.469664311999997,106.56666666666666,0.0,0.0,0.0
16,2,0.3,900.0,hard,P3i,0.0,0.0,540.0218308618236,15.469664311999997,106.56666666666666,0.0,0.0,0.0
16,2,0.3,900.0,transient,P1,0.0,0.0,37.786442932237605,1881.571702992503,106.56666666666666,0.0,0.0,0.0
16,2,0.3,900.0,transient,P2,0.0,0.0,11.778669445985997,1829.74365102,106.56666666666666,0.0,0.0,0.0
16,2,0.3,900.0,transient,P3,0.0,0.0,30.378036232570686,935.209664312,106.56666666666666,0.0,0.0,0.0
16,2,0.3,900.0,transient,P3i,0.0,0.0,30.378036232570686,935.209664312,106.56666666666666,0.0,0.0,0.0
16,2,0.5,40.0,hard,P1,0.0,0.0,949.1095780438048,153.6025614519284,174.45000000000002,0.0,0.0,0.0
16,2,0.5,40.0,hard,P2,0.0,0.0,902.7753724757318,62.693651020000004,174.45000000000002,0.0,0.0,0.0
16,2,0.5,40.0,hard,P3,0.0,0.0,917.2151450740078,15.469664311999997,174.45000000000002,0.0,0.0,0.0
16,2,0.5,40.0,hard,P3i,0.0,0.0,917.2151450740078,15.469664311999997,174.45000000000002,0.0,0.0,0.0
16,2,0.5,40.0,hard,stock,0.5,0.08006407690254357,1116.7164404797504,1343.5989104319283,174.45000000000002,1.7961211426387692e-06,1.7961211426387695e-05,0.00017961211426387693
16,2,0.5,40.0,transient,P1,0.0,0.0,62.96553438498067,206.2925614519284,174.45000000000002,0.0,0.0,0.0
16,2,0.5,40.0,transient,P2,0.0,0.0,16.65974895886593,115.38365102,174.45000000000002,0.0,0.0,0.0
16,2,0.5,40.0,transient,P3,0.0,0.0,52.9191397068329,80.84966431199999,174.45000000000002,0.0,0.0,0.0
16,2,0.5,40.0,transient,P3i,0.0,0.0,52.9191397068329,80.84966431199999,174.45000000000002,0.0,0.0,0.0
16,2,0.5,120.0,hard,P1,0.0,0.0,935.5569662061146,233.60256145192844,174.45000000000002,0.0,0.0,0.0
16,2,0.5,120.0,hard,P2,0.0,0.0,890.5406798559294,142.69365102,174.45000000000002,0.0,0.0,0.0
16,2,0.5,120.0,hard,P3,0.0,0.0,917.2151450740078,15.469664311999997,174.45000000000002,0.0,0.0,0.0
16,2,0.5,120.0,hard,P3i,0.0,0.0,917.2151450740078,15.469664311999997,174.45000000000002,0.0,0.0,0.0
16,2,0.5,120.0,transient,P1,0.0,0.0,63.441046538635604,366.2925614519284,174.45000000000002,0.0,0.0,0.0
16,2,0.5,120.0,transient,P2,0.0,0.0,16.352343549397848,275.38365102,174.45000000000002,0.0,0.0,0.0
16,2,0.5,120.0,transient,P3,0.0,0.0,54.12859445693412,160.849664312,174.45000000000002,0.0,0.0,0.0
16,2,0.5,120.0,transient,P3i,0.0,0.0,54.12859445693412,160.849664312,174.45000000000002,0.0,0.0,0.0
16,2,0.5,300.0,hard,P1,0.0,0.0,894.6720711158281,413.6025614519284,174.45000000000002,0.0,0.0,0.0
16,2,0.5,300.0,hard,P2,0.0,0.0,845.470773553018,322.69365102,174.45000000000002,0.0,0.0,0.0
16,2,0.5,300.0,hard,P3,0.0,0.0,917.2151450740078,15.469664311999997,174.45000000000002,0.0,0.0,0.0
16,2,0.5,300.0,hard,P3i,0.0,0.0,917.2151450740078,15.469664311999997,174.45000000000002,0.0,0.0,0.0
16,2,0.5,300.0,transient,P1,0.0,0.0,67.17565041299459,726.2925614519285,174.45000000000002,0.0,0.0,0.0
16,2,0.5,300.0,transient,P2,0.0,0.0,18.398177676028535,635.3836510200001,174.45000000000002,0.0,0.0,0.0
16,2,0.5,300.0,transient,P3,0.0,0.0,54.42581525337082,340.849664312,174.45000000000002,0.0,0.0,0.0
16,2,0.5,300.0,transient,P3i,0.0,0.0,54.42581525337082,340.849664312,174.45000000000002,0.0,0.0,0.0
16,2,0.5,900.0,hard,P1,0.0,0.0,746.4102666653353,1013.2500614519283,174.45000000000002,0.0,0.0,0.0
16,2,0.5,900.0,hard,P2,0.0,0.0,697.6327939283692,922.34115102,174.45000000000002,0.0,0.0,0.0
16,2,0.5,900.0,hard,P3,0.0,0.0,917.2151450740078,15.469664311999997,174.45000000000002,0.0,0.0,0.0
16,2,0.5,900.0,hard,P3i,0.0,0.0,917.2151450740078,15.469664311999997,174.45000000000002,0.0,0.0,0.0
16,2,0.5,900.0,transient,P1,0.0,0.0,73.72696296149043,1925.5875614519287,174.45000000000002,0.0,0.0,0.0
16,2,0.5,900.0,transient,P2,0.0,0.0,24.949490224524016,1834.67865102,174.45000000000002,0.0,0.0,0.0
16,2,0.5,900.0,transient,P3,0.0,0.0,61.64810298706652,940.144664312,174.45000000000002,0.0,0.0,0.0
16,2,0.5,900.0,transient,P3i,0.0,0.0,61.64810298706652,940.144664312,174.45000000000002,0.0,0.0,0.0
16,2,0.7,40.0,hard,P1,0.275,0.07996393417804536,1281.918984826946,150.20199982617262,246.53333333333333,6.990265008112494e-07,6.9902650081124935e-06,6.990265008112493e-05
16,2,0.7,40.0,hard,P2,0.225,0.07584988548577465,1234.3489444738357,64.10365102,246.53333333333333,5.719307733910222e-07,5.719307733910222e-06,5.719307733910222e-05
16,2,0.7,40.0,hard,P3,0.15,0.0674631903431942,1241.2604640607876,15.469664311999997,246.53333333333333,3.812871822606814e-07,3.8128718226068144e-06,3.812871822606814e-05
16,2,0.7,40.0,hard,P3i,0.15,0.0674631903431942,1241.2604640607876,15.469664311999997,246.53333333333333,3.812871822606814e-07,3.8128718226068144e-06,3.812871822606814e-05
16,2,0.7,40.0,hard,stock,0.775,0.10431399837227148,1539.3836516050105,1340.1983488061726,246.53333333333333,1.969983775013521e-06,1.969983775013521e-05,0.00019699837750135208
16,2,0.7,40.0,transient,P1,0.05,0.03489912202260564,75.67472472970931,204.30199982617262,246.53333333333333,1.2709572742022716e-07,1.2709572742022717e-06,1.2709572742022716e-05
16,2,0.7,40.0,transient,P2,0.0,0.0,27.949224302954462,118.20365102000001,246.53333333333333,0.0,0.0,0.0
16,2,0.7,40.0,transient,P3,0.0,0.0,75.51310907563911,83.669664312,246.53333333333333,0.0,0.0,0.0
16,2,0.7,40.0,transient,P3i,0.0,0.0,92.90833715023436,83.669664312,246.53333333333333,0.0,0.0,0.0
16,2,0.7,120.0,hard,P1,0.2,0.06405126152203486,1272.3343498843062,230.20199982617265,246.53333333333333,5.083829096809086e-07,5.083829096809087e-06,5.0838290968090866e-05
16,2,0.7,120.0,hard,P2,0.15,0.05717718748968655,1218.9604535865394,144.10365102,246.53333333333333,3.812871822606814e-07,3.8128718226068144e-06,3.812871822606814e-05
16,2,0.7,120.0,hard,P3,0.15,0.0674631903431942,1241.2604640607876,15.469664311999997,246.53333333333333,3.812871822606814e-07,3.8128718226068144e-06,3.812871822606814e-05
16,2,0.7,120.0,hard,P3i,0.15,0.0674631903431942,1241.2604640607876,15.469664311999997,246.53333333333333,3.812871822606814e-07,3.8128718226068144e-06,3.812871822606814e-05
16,2,0.7,120.0,transient,P1,0.05,0.03489912202260564,83.74001031469342,364.3019998261726,246.53333333333333,1.2709572742022716e-07,1.2709572742022717e-06,1.2709572742022716e-05
16,2,0.7,120.0,transient,P2,0.0,0.0,34.43289165576061,278.20365102,246.53333333333333,0.0,0.0,0.0
16,2,0.7,120.0,transient,P3,0.0,0.0,80.6455249305427,163.66966431199998,246.53333333333333,0.0,0.0,0.0
16,2,0.7,120.0,transient,P3i,0.0,0.0,93.79313583829335,163.66966431199998,246.53333333333333,0.0,0.0,0.0
16,2,0.7,300.0,hard,P1,0.15,0.05717718748968655,1222.9212915309595,410.2019998261727,246.53333333333333,3.812871822606814e-07,3.8128718226068144e-06,3.812871822606814e-05
16,2,0.7,300.0,hard,P2,0.075,0.04217636961434867,1178.4641579173845,324.10365102000003,246.53333333333333,1.906435911303407e-07,1.9064359113034072e-06,1.906435911303407e-05
16,2,0.7,300.0,hard,P3,0.15,0.0674631903431942,1241.2604640607876,15.469664311999997,246.53333333333333,3.812871822606814e-07,3.8128718226068144e-06,3.812871822606814e-05
16,2,0.7,300.0,hard,P3i,0.15,0.0674631903431942,1241.2604640607876,15.469664311999997,246.53333333333333,3.812871822606814e-07,3.8128718226068144e-06,3.812871822606814e-05
16,2,0.7,300.0,transient,P1,0.05,0.03489912202260564,99.25077037488282,724.3019998261727,246.53333333333333,1.2709572742022716e-07,1.2709572742022717e-06,1.2709572742022716e-05
16,2,0.7,300.0,transient,P2,0.0,0.0,49.24575981281377,638.20365102,246.53333333333333,0.0,0.0,0.0
16,2,0.7,300.0,transient,P3,0.0,0.0,88.8567533512376,343.669664312,246.53333333333333,0.0,0.0,0.0
16,2,0.7,300.0,transient,P3i,0.0,0.0,100.1553461415273,343.669664312,246.53333333333333,0.0,0.0,0.0
16,2,0.7,900.0,hard,P1,0.175,0.07059726877843334,1087.6848623276323,1010.2019998261727,246.53333333333333,4.4483504597079497e-07,4.44835045970795e-06,4.4483504597079494e-05
16,2,0.7,900.0,hard,P2,0.125,0.06392603899459484,1039.7771827210163,924.1036510199999,246.53333333333333,3.1773931855056787e-07,3.177393185505679e-06,3.1773931855056784e-05
16,2,0.7,900.0,hard,P3,0.15,0.0674631903431942,1241.2604640607876,15.469664311999997,246.53333333333333,3.812871822606814e-07,3.8128718226068144e-06,3.812871822606814e-05
16,2,0.7,900.0,hard,P3i,0.15,0.0674631903431942,1241.2604640607876,15.469664311999997,246.53333333333333,3.812871822606814e-07,3.8128718226068144e-06,3.812871822606814e-05
16,2,0.7,900.0,transient,P1,0.05,0.03489912202260564,148.61846432948732,1924.3019998261727,246.53333333333333,1.2709572742022716e-07,1.2709572742022717e-06,1.2709572742022716e-05
16,2,0.7,900.0,transient,P2,0.0,0.0,98.60793209559142,1838.20365102,246.53333333333333,0.0,0.0,0.0
16,2,0.7,900.0,transient,P3,0.0,0.0,151.74622064429042,943.669664312,246.53333333333333,0.0,0.0,0.0
16,2,0.7,900.0,transient,P3i,0.0,0.0,165.22859963669308,943.669664312,246.53333333333333,0.0,0.0,0.0
16,2,0.9,40.0,hard,P1,13.775,3.6508670378699257,5178.582868044163,215.29232149820646,318.15000000000003,2.7132903766567132e-05,0.0002713290376656713,0.002713290376656713
16,2,0.9,40.0,hard,P2,13.25,3.48177489367943,4957.865111934138,64.10365102,318.15000000000003,2.6098800356226094e-05,0.000260988003562261,0.002609880035622609
16,2,0.9,40.0,hard,P3,13.35,3.468641572571942,4902.491977931202,15.469664311999997,318.15000000000003,2.6295772434386295e-05,0.0002629577243438629,0.002629577243438629
16,2,0.9,40.0,hard,P3i,13.35,3.468641572571942,4902.491977931202,15.469664311999997,318.15000000000003,2.6295772434386295e-05,0.0002629577243438629,0.002629577243438629
16,2,0.9,40.0,hard,stock,17.625,4.967675964390138,6556.616895877967,1405.2886704782063,318.15000000000003,3.471632877573471e-05,0.00034716328775734714,0.0034716328775734706
16,2,0.9,40.0,transient,P1,1.025,0.45501127064091107,367.0007401515577,269.39232149820646,318.15000000000003,2.0189638011420186e-06,2.0189638011420187e-05,0.00020189638011420185
16,2,0.9,40.0,transient,P2,0.475,0.23201320696272487,155.27144073259842,118.20365102000001,318.15000000000003,9.356173712609354e-07,9.356173712609355e-06,9.356173712609354e-05
16,2,0.9,40.0,transient,P3,1.0,0.5126602313623642,319.22597238902455,83.669664312,318.15000000000003,1.9697207816019697e-06,1.9697207816019697e-05,0.00019697207816019694
16,2,0.9,40.0,transient,P3i,5.975,2.9479431116871284,1575.3770393244922,82.259664312,318.15000000000003,1.1769081670071766e-05,0.00011769081670071768,0.0011769081670071767
16,2,0.9,120.0,hard,P1,14.475,3.7844126157375926,5303.715573905525,295.29232149820643,318.15000000000003,2.8511708313688507e-05,0.00028511708313688506,0.0028511708313688506
16,2,0.9,120.0,hard,P2,13.55,3.5973547974117785,5078.1488317149615,144.10365102,318.15000000000003,2.6689716590706686e-05,0.0002668971659070669,0.0026689716590706687
16,2,0.9,120.0,hard,P3,13.35,3.468641572571942,4902.491977931202,15.469664311999997,318.15000000000003,2.6295772434386295e-05,0.0002629577243438629,0.002629577243438629
16,2,0.9,120.0,hard,P3i,13.35,3.468641572571942,4902.491977931202,15.469664311999997,318.15000000000003,2.6295772434386295e-05,0.0002629577243438629,0.002629577243438629
16,2,0.9,120.0,transient,P1,1.65,0.7334061735386574,575.0603594467863,429.39232149820646,318.15000000000003,3.2500392896432494e-06,3.2500392896432494e-05,0.00032500392896432493
16,2,0.9,120.0,transient,P2,1.2,0.5863839645199669,345.32784534481254,278.20365102,318.15000000000003,2.363664937922363e-06,2.3636649379223634e-05,0.0002363664937922363
16,2,0.9,120.0,transient,P3,1.55,0.8037970786148351,496.2703380844938,163.66966431199998,318.15000000000003,3.053067211483053e-06,3.053067211483053e-05,0.0003053067211483053
16,2,0.9,120.0,transient,P3i,5.975,2.9479431116871284,1621.7026645065039,162.25966431199998,318.15000000000003,1.1769081670071766e-05,0.00011769081670071768,0.0011769081670071767
16,2,0.9,300.0,hard,P1,15.55,4.24504990759222,5545.073250301084,475.29232149820643,318.15000000000003,3.062915815391063e-05,0.0003062915815391063,0.0030629158153910622
16,2,0.9,300.0,hard,P2,14.575,3.9257348650627475,5275.761912836302,324.10365102000003,318.15000000000003,2.8708680391848704e-05,0.00028708680391848705,0.00287086803918487
16,2,0.9,300.0,hard,P3,13.35,3.468641572571942,4902.491977931202,15.469664311999997,318.15000000000003,2.6295772434386295e-05,0.0002629577243438629,0.002629577243438629
16,2,0.9,300.0,hard,P3i,13.35,3.468641572571942,4902.491977931202,15.469664311999997,318.15000000000003,2.6295772434386295e-05,0.0002629577243438629,0.002629577243438629
16,2,0.9,300.0,transient,P1,2.875,1.3896077199643844,1028.2135280387818,789.3923214982065,318.15000000000003,5.662947247105663e-06,5.6629472471056625e-05,0.0005662947247105661
16,2,0.9,300.0,transient,P2,2.55,1.2849972563075567,783.0009383893441,638.20365102,318.15000000000003,5.022787993085021e-06,5.022787993085023e-05,0.0005022787993085021
16,2,0.9,300.0,transient,P3,2.675,1.4493090749980817,905.1802486630495,343.669664312,318.15000000000003,5.269003090785268e-06,5.269003090785268e-05,0.0005269003090785267
16,2,0.9,300.0,transient,P3i,6.05,2.9456508575116254,1764.0806268870085,342.259664312,318.15000000000003,1.1916810728691916e-05,0.00011916810728691916,0.0011916810728691916
16,2,0.9,900.0,hard,P1,17.425,5.281545944522548,6431.597897988811,1075.2923214982063,318.15000000000003,3.4322384619414315e-05,0.0003432238461941432,0.0034322384619414315
16,2,0.9,900.0,hard,P2,17.15,5.171612603731734,6170.502759369648,924.1036510199999,318.15000000000003,3.3780711404473774e-05,0.00033780711404473776,0.003378071140447377
16,2,0.9,900.0,hard,P3,13.35,3.468641572571942,4902.491977931202,15.469664311999997,318.15000000000003,2.6295772434386295e-05,0.0002629577243438629,0.002629577243438629
16,2,0.9,900.0,hard,P3i,13.35,3.468641572571942,4902.491977931202,15.469664311999997,318.15000000000003,2.6295772434386295e-05,0.0002629577243438629,0.002629577243438629
16,2,0.9,900.0,transient,P1,7.675,3.6810999436135656,2641.5279892750377,1989.3923214982065,318.15000000000003,1.5117606998795114e-05,0.00015117606998795116,0.0015117606998795113
16,2,0.9,900.0,transient,P2,7.2,3.495454924356074,2348.4781622109385,1838.20365102,318.15000000000003,1.4181989627534182e-05,0.00014181989627534182,0.001418198962753418
16,2,0.9,900.0,transient,P3,7.4,3.563490078344759,2489.767254933472,943.669664312,318.15000000000003,1.4575933783854575e-05,0.00014575933783854574,0.0014575933783854574
16,2,0.9,900.0,transient,P3i,7.6,3.003374170871224,2775.2583961550285,940.8496643120001,318.15000000000003,1.4969877940174966e-05,0.00014969877940174969,0.0014969877940174967
