model,shape,steps,scenario,source,q2_s,q1_s,D2_s,D1_s,full_request_s,retry_after_failure_s,p_star,p_bound,mean_retry_over_ours,mean_retry_over_best,x20,x40,x50,x60,x80,x95
Wan2.2-TI2V-5B-Diffusers,512x512,50,measured,measured,0.12029999999999999,0.2002689507569309,0.015,0.02698514781069655,8.816115500999999,13.817941010999998,0.9,0.39930778313204573,0.7728934004783696,1.003236644203502,0.6648963620527026,0.7358028022227896,0.7772467023101727,0.8236378907499361,0.9352859027098562,1.0490487150308474
Wan2.2-TI2V-5B-Diffusers,512x512,50,pessimistic,measured,0.12029999999999999,0.24059999999999998,0.015,0.03,8.816115500999999,13.817941010999998,0.92,0.5,0.730734723627803,1.0025660617856424,0.6169176906514622,0.6911612710328225,0.7354132977732907,0.7857194716384648,0.910251548494441,1.042426494972958
Wan2.2-TI2V-5B-Diffusers,512x512,50,prewarmed,measured,0.12029999999999999,0.2002689507569309,0.015,0.02698514781069655,8.816115500999999,13.817941010999998,0.48,0.39930778313204573,1.0116891087840407,1.1067418482364608,0.8343065153688534,0.9490671270005064,1.0191609934673969,1.1004341536326991,1.3092462695682328,1.543564705570688
Wan2.2-TI2V-5B-Diffusers,832x480x17f,50,measured,measured,0.1718,0.2860033727351682,1.2105,2.1777014283232115,12.519015500999998,17.520841010999998,0.82,0.39930778313204573,0.7886891391087542,1.0121532461941256,0.6646200708347078,0.7454992780269678,0.7937989235092872,0.8487906429538465,0.9853083380171928,1.130810014303356
Wan2.2-TI2V-5B-Diffusers,832x480x17f,50,pessimistic,measured,0.1718,0.3436,1.2105,2.421,12.519015500999998,17.520841010999998,0.88,0.5,0.7322576178147197,1.0079589499721133,0.6060613055332688,0.6878105177117003,0.7375533442912001,0.7950519272912377,0.9419121170211926,1.1052377223325005
Wan2.2-TI2V-5B-Diffusers,832x480x17f,50,prewarmed,measured,0.1718,0.2860033727351682,1.2105,2.1777014283232115,12.519015500999998,17.520841010999998,0.54,0.39930778313204573,0.9736379706976781,1.0975921274209304,0.7912843854249348,0.9086514136661158,0.9814371011437084,1.0668988827249393,1.2918897681623331,1.5540716595274933
Wan2.2-TI2V-5B-Diffusers,832x480x81f,50,measured,measured,0.7315,1.1983,5.9608,10.723537938,45.246115501000006,50.247941011,0.56,0.3895518651422848,0.930094711156407,1.1284541941862845,0.7037537373501258,0.8456844361228125,0.9405254487291992,1.0593256980831873,1.4173956657961568,1.9427383512036527
Wan2.2-TI2V-5B-Diffusers,832x480x81f,50,pessimistic,measured,0.7315,1.463,5.9608,11.9216,45.246115501000006,50.247941011,0.66,0.5,0.8108108929384061,1.0917094237523413,0.6040435724037594,0.7329478747960649,0.8204957219051453,0.9317951190750576,1.2787051975771433,1.8211084455709134
Wan2.2-TI2V-5B-Diffusers,832x480x81f,50,prewarmed,measured,0.7315,1.1983,5.9608,10.723537938,45.246115501000006,50.247941011,0.5,0.3895518651422848,1.0089009524842825,1.1812785420665162,0.7479600210811874,0.9103385525124038,1.0211858235367126,1.1627704341119085,1.6089132405738935,2.3215019911256234
Wan2.2-TI2V-5B-Diffusers,832x480x85f,50,measured,measured,0.7893,1.3139840634451003,6.2506,11.244890993702658,48.427015501,53.428841011,0.56,0.39930778313204573,0.9292644827811476,1.1337882799520842,0.6979727329138348,0.8426096795484317,0.9400057168847975,1.0628601933894772,1.4390023258334461,2.007304076528235
Wan2.2-TI2V-5B-Diffusers,832x480x85f,50,pessimistic,measured,0.7893,1.5786,6.2506,12.5012,48.427015501,53.428841011,0.66,0.5,0.8157093107999918,1.0976189498493247,0.6044700805690859,0.7358984215569224,0.8256588370550091,0.9403579873584761,1.302140314170199,1.8811147834826942
Wan2.2-TI2V-5B-Diffusers,832x480x85f,50,prewarmed,measured,0.7893,1.3139840634451003,6.2506,11.244890993702658,48.427015501,53.428841011,0.5,0.39930778313204573,1.002870189131644,1.183625591875044,0.7386949099571073,0.9026841105671931,1.0153918735449283,1.160260193922154,1.6235241184381883,2.3855032792307855
Wan2.2-TI2V-5B-Diffusers,1280x704x81f,50,measured,measured,2.1055,3.5051228247607487,12.7333,22.907332174529493,120.72571550100001,125.72754101100001,0.5,0.39930778313204573,1.0055603424007673,1.2150768587933647,0.7149435471365817,0.8929172226977333,1.0198555218804883,1.1888663410889084,1.778251172526274,2.947066265929361
Wan2.2-TI2V-5B-Diffusers,1280x704x81f,50,pessimistic,measured,2.1055,4.211,12.7333,25.4666,120.72571550100001,125.72754101100001,0.6,0.5,0.8635640162597737,1.1597721336720002,0.6084053249841431,0.7641109263258216,0.8762358770357447,1.02692608847793,1.5653143330034371,2.696109283449616
Wan2.2-TI2V-5B-Diffusers,1280x704x81f,50,prewarmed,measured,2.1055,3.5051228247607487,12.7333,22.907332174529493,120.72571550100001,125.72754101100001,0.48,0.39930778313204573,1.040684003030012,1.2411441878894058,0.7325213584843011,0.9205045675573957,1.056002875589287,1.2382773494331618,1.8911230221035138,3.270575628288498
Z-Image-Turbo,256x256,8,measured,measured,0.0455,0.07574594563125815,0.007,0.012593068978325057,2.9145155009999995,7.916341010999999,,0.39930778313204573,0.6044021527614958,1.0,0.5992042631272114,0.6026595317967182,0.6061548807070294,0.6096910113074142,0.61326864151139,0.6168885061826305
Z-Image-Turbo,256x256,8,pessimistic,measured,0.0455,0.091,0.007,0.014,2.9145155009999995,7.916341010999999,,0.5,0.6011868622510836,1.0,0.5950188059269397,0.5991166837328088,0.6032713969009499,0.6074841361022276,0.6117561254999587,0.6160886239358918
Z-Image-Turbo,256x256,8,prewarmed,measured,0.0455,0.07574594563125815,0.007,0.012593068978325057,2.9145155009999995,7.916341010999999,,0.39930778313204573,0.8916912957887166,1.0,0.8804236705371586,0.8879035118064612,0.89551153549378,0.9032510650793069,0.9111255399386351,0.9191385204390254
Z-Image-Turbo,512x512,8,measured,measured,0.06659999999999999,0.11087208745146797,0.0678,0.12197286810434842,3.833915501,8.835741011,,0.39930778313204573,0.6610979949213301,1.0,0.6529728434582376,0.658367236377288,0.6638515009557209,0.6694279019790158,0.6750987809747445,0.6808665594908416
Z-Image-Turbo,512x512,8,pessimistic,measured,0.06659999999999999,0.13319999999999999,0.0678,0.1356,3.833915501,8.835741011,,0.5,0.6555018001888633,1.0,0.6459274320096103,0.6522789619217277,0.6587566439671328,0.6653642742365162,0.6721058026698461,0.6789853409302189
Z-Image-Turbo,512x512,8,prewarmed,measured,0.06659999999999999,0.11087208745146797,0.0678,0.12197286810434842,3.833915501,8.835741011,0.875,0.39930778313204573,0.9661466275560012,1.0011110954873361,0.9488910344520574,0.9603254515244679,0.972038806078063,0.9840414309779594,0.996344175826066,1.0089584396719407
Z-Image-Turbo,1024x1024,8,measured,measured,0.22130000000000002,0.295,0.0545,0.0980460370455308,4.421315500999999,9.423141010999998,,0.2498305084745761,0.6650110999277303,1.0,0.6448729018993357,0.6581600560992648,0.6720062744242975,0.6864475995145883,0.7015232402586401,0.7172759272834446
Z-Image-Turbo,1024x1024,8,pessimistic,measured,0.22130000000000002,0.44260000000000005,0.0545,0.109,4.421315500999999,9.423141010999998,,0.5,0.6347663550880848,1.0,0.6075935763881397,0.625442679860759,0.6443722190454801,0.6644833565492302,0.6858902911598442,0.7087224276089631
Z-Image-Turbo,1024x1024,8,prewarmed,measured,0.22130000000000002,0.295,0.0545,0.0980460370455308,4.421315500999999,9.423141010999998,0.75,0.2498305084745761,0.947050257383833,1.0095930412078034,0.9067259731183174,0.9332161355554247,0.961300708711635,0.9911281075124972,1.022865756901883,1.0567032361993847
Z-Image-Turbo,1536x1536,8,measured,measured,0.5276000000000001,0.8783200201110288,0.9028999999999999,1.6243259972185276,7.6884155010000015,12.690241011000001,,0.39930778313204573,0.6926563845641847,1.0,0.646188666148762,0.6764419688778563,0.7096672143800906,0.7463249481823503,0.7869760564802071,0.8323106673041448
Z-Image-Turbo,1536x1536,8,pessimistic,measured,0.5276000000000001,1.0552000000000001,0.9028999999999999,1.8057999999999998,7.6884155010000015,12.690241011000001,,0.5,0.6575746976563565,1.0,0.6077307451833625,0.640075771481299,0.6760573173933853,0.7163251868339032,0.7616938056325606,0.8131978784076955
Z-Image-Turbo,1536x1536,8,prewarmed,measured,0.5276000000000001,0.8783200201110288,0.9028999999999999,1.6243259972185276,7.6884155010000015,12.690241011000001,0.75,0.39930778313204573,0.8999398325238349,1.0247086265256153,0.8230427214632028,0.8727591230796862,0.9288679635056525,0.9926868409959947,1.0659221763266387,1.1508240635264004
Wan2.2-TI2V-5B-Diffusers,832x480x49f,50,measured,measured,0.42969999999999997,0.7153413810494863,3.6294,6.529326364276137,27.826015501000004,32.827841011000004,0.64,0.39930778313204573,0.8750617318275706,1.0800475520550028,0.6855223909972218,0.8059091616910307,0.8834849662450193,0.9775861856882951,1.242203944842024,1.585551814861608
Wan2.2-TI2V-5B-Diffusers,832x480x49f,50,pessimistic,measured,0.42969999999999997,0.8593999999999999,3.6294,7.2588,27.826015501000004,32.827841011000004,0.72,0.5,0.7831469801318186,1.0575411165429698,0.6036842873297306,0.7169974964755991,0.7912581690486586,0.8826787343987322,1.147940828768273,1.511274747800486
Wan2.2-TI2V-5B-Diffusers,832x480x49f,50,prewarmed,measured,0.42969999999999997,0.7153413810494863,3.6294,6.529326364276137,27.826015501000004,32.827841011000004,0.52,0.39930778313204573,0.9859698058588221,1.148294937163317,0.7517695455883948,0.8990477636012287,0.9966765864564655,1.1180916877922855,1.478253170280175,1.9914424790931282
Wan2.2-TI2V-5B-Diffusers,1024x1024,50,measured,measured,0.1185,0.19727240785283717,0.0298,0.05361049365058382,8.742415501,13.744241011,0.92,0.39930778313204573,0.7709178826541447,1.002644268532365,0.664330478967211,0.7343524460911799,0.7752067364898049,0.8208745163844716,0.9305077865458378,1.0418215650286118
Wan2.2-TI2V-5B-Diffusers,1024x1024,50,pessimistic,measured,0.1185,0.237,0.0298,0.0596,8.742415501,13.744241011,0.94,0.5,0.7292359376519243,1.0020397101477898,0.6167774724412206,0.6901814075635123,0.7338498876468748,0.7834175108772227,0.9057784633160959,1.0351173605029391
Wan2.2-TI2V-5B-Diffusers,1024x1024,50,prewarmed,measured,0.1185,0.19727240785283717,0.0298,0.05361049365058382,8.742415501,13.744241011,0.48,0.39930778313204573,1.0099746259415878,1.1046048629819356,0.8345547225058615,0.9481253902709632,1.0173485014355197,1.0974757579941976,1.3026754743060267,1.5318014227187091
Wan2.2-TI2V-5B-Diffusers,1536x1536,50,measured,measured,0.2024,0.33694460210476157,0.5314,0.9559938364402765,13.438115500999999,18.439941011,0.72,0.39930778313204573,0.8271837779545393,1.0347635852876922,0.6784844837485524,0.7745047691459496,0.8334827196611149,0.9021832928827931,1.0802673329057264,1.2828465657098902
Wan2.2-TI2V-5B-Diffusers,1536x1536,50,pessimistic,measured,0.2024,0.4048,0.5314,1.0628,13.438115500999999,18.439941011,0.78,0.5,0.7642056201886575,1.0270050319792148,0.6146820281915731,0.7105634221776528,0.7706700419735242,0.8418851803675759,1.0327517028459252,1.2615619465680774
Wan2.2-TI2V-5B-Diffusers,1536x1536,50,prewarmed,measured,0.2024,0.33694460210476157,0.5314,0.9559938364402765,13.438115500999999,18.439941011,0.48,0.39930778313204573,1.020330053589578,1.1420500754631322,0.80319550650954,0.9413523704797712,1.0299310835417717,1.136911369728061,1.4350277894689576,1.8159687193530372
Wan2.2-TI2V-5B-Diffusers,1280x704x17f,50,measured,measured,0.38839999999999997,0.6465873688611136,2.7237,4.89996313946628,24.854615500999998,29.856441010999998,0.64,0.39930778313204573,0.8747270204427661,1.078963668714337,0.6862317249112307,0.8060172391979514,0.8830914709556918,0.9764644726869768,1.2383328215310503,1.5765783941674374
Wan2.2-TI2V-5B-Diffusers,1280x704x17f,50,pessimistic,measured,0.38839999999999997,0.7767999999999999,2.7237,5.4474,24.854615500999998,29.856441010999998,0.7,0.5,0.7856926256913362,1.0579378988883104,0.6060528969709855,0.719505923256382,0.79380612694842,0.8852187650200103,1.1501049148045936,1.5120742101074265
Wan2.2-TI2V-5B-Diffusers,1280x704x17f,50,prewarmed,measured,0.38839999999999997,0.6465873688611136,2.7237,4.89996313946628,24.854615500999998,29.856441010999998,0.5,0.39930778313204573,0.998129723170569,1.1552900679909766,0.7599398100292014,0.9096464256877661,1.0090353987578309,1.132807160128105,1.5010567552130338,2.028624024957929
Wan2.2-TI2V-5B-Diffusers,1280x704x49f,50,measured,measured,1.0817,1.8007558107545485,7.7317,13.909404488530836,64.535915501,69.53774101100001,0.54,0.39930778313204573,0.9581760486980428,1.1637866090623266,0.70465067484725,0.8619337559531836,0.9702130041452688,1.1096057014531122,1.5570015807670503,2.2983678566306733
Wan2.2-TI2V-5B-Diffusers,1280x704x49f,50,pessimistic,measured,1.0817,2.1634,7.7317,15.4634,64.535915501,69.53774101100001,0.62,0.5,0.8340413330717042,1.1206137150229414,0.6060263709637216,0.7468362636282834,0.8450044186753509,0.9728857245243699,1.3951704145135697,2.1373503495201702
Wan2.2-TI2V-5B-Diffusers,1280x704x49f,50,prewarmed,measured,1.0817,1.8007558107545485,7.7317,13.909404488530836,64.535915501,69.53774101100001,0.48,0.39930778313204573,1.0173308680767936,1.2054730589011005,0.7361289077827732,0.9095069731666366,1.0309104821817765,1.189717232450418,1.7194688850887503,2.670896028710189
Wan2.2-TI2V-5B-Diffusers,1280x704x121f,50,measured,"extrapolated (step ~ latent_frames^1.39, decode linear)",3.6162294299129583,6.020103687655882,18.79677619047619,33.81558559097211,202.3256631871241,207.3274886971241,0.48,0.39930778313204573,1.0362613638782934,1.249039846979144,0.7214801632758738,0.9126813899496409,1.0520898442901772,1.2417644239446912,1.9419781924883286,3.5380028610576177
Wan2.2-TI2V-5B-Diffusers,1280x704x121f,50,pessimistic,"extrapolated (step ~ latent_frames^1.39, decode linear)",3.6162294299129583,7.2324588598259165,18.79677619047619,37.59355238095238,202.3256631871241,207.3274886971241,0.58,0.5,0.8831254748437126,1.1860445134763158,0.6104397923816707,0.7756020781831787,0.8969415809374712,1.0632883192623066,1.6902272224295,3.1993588335880143
Wan2.2-TI2V-5B-Diffusers,1280x704x121f,50,prewarmed,"extrapolated (step ~ latent_frames^1.39, decode linear)",3.6162294299129583,6.020103687655882,18.79677619047619,33.81558559097211,202.3256631871241,207.3274886971241,0.46,0.39930778313204573,1.0585890119732653,1.2661511038086077,0.7322329229038916,0.9299567957706077,1.0751123706124,1.2739634299813811,2.0218971287943552,3.8125521092149683
